﻿code,name,unit,min_stock,category,current_stock
IV-CATHETER-18G,IV留置針 18G,EA,20,IV用品,200
IV-CATHETER-20G,IV留置針 20G,EA,30,IV用品,0
IV-CATHETER-22G,IV留置針 22G,EA,30,IV用品,0
IV-SET,IV輸液套組,SET,20,IV用品,0
PAINKILLER,Dycox,VIAL,50,一般藥品,81
ICE-PACK,冰袋,EA,20,急救用品,0
SPLINT-ARM,手臂夾板,EA,5,急救用品,9
SPLINT-LEG,腿部夾板,EA,5,急救用品,0
CERVICAL-COLLAR,頸圈,EA,3,急救用品,0
EPINEPHRINE,腎上腺素,AMP,10,急救藥品,0
BLADE-10,刀片 10,EA,15,手術器械,58
BLADE-11,刀片 11,EA,15,手術器械,0
BLADE-15,刀片 15,EA,15,手術器械,0
SUTURE-30,縫線 3-0,EA,20,手術器械,0
SUTURE-40,縫線 4-0,EA,20,手術器械,0
CAUTERY,電燒線,EA,5,手術器械,19
GLOVE-7,手套 7,EA,50,手術耗材,110
GLOVE-75,手套 7.5,EA,50,手術耗材,99
GLOVE-8,手套 8,EA,50,手術耗材,0
GAUZE-4X4,紗布 4x4,EA,100,手術耗材,99
ANTIBIOTIC-1,抗生素-1,VIAL,20,抗生素,0
WOUND-DRESSING,傷口敷料,EA,50,敷料,0
BANDAGE-2IN,繃帶 2吋,ROLL,30,敷料,0
BANDAGE-3IN,繃帶 3吋,ROLL,30,敷料,0
BANDAGE-4IN,繃帶 4吋,ROLL,20,敷料,0
ADHESIVE-TAPE,膠布,ROLL,40,敷料,0
TOURNIQUET,止血帶,EA,20,止血劑,0
HEMOSTATIC-POWDER,止血粉,EA,10,止血劑,0
HEMOSTATIC-GAUZE,止血紗布,EA,30,止血劑,0
SALINE,生理沖洗空針,EA,30,沖洗用品,0
SALINE-BAG-1000,生理食鹽水 1000ml,BAG,15,沖洗用品,0
SALINE-BAG-500,生理食鹽水 500ml,BAG,20,沖洗用品,0
SYRINGE-10ML,空針 10ml,EA,50,注射器材,-1
SYRINGE-1ML,空針 1ml,EA,50,注射器材,0
SYRINGE-20ML,空針 20ml,EA,30,注射器材,0
SYRINGE-3ML,空針 3ml,EA,50,注射器材,0
SYRINGE-50ML,空針 50ml,EA,20,注射器材,0
SYRINGE-5ML,空針 5ml,EA,50,注射器材,0
SYRINGE-1,聚酯空針 1 3 5 10,EA,50,注射器材,0
SYRINGE-2,聚酯空針 20 50 70,EA,30,注射器材,0
NEEDLE-18G,針頭 No: 18G,EA,30,注射器材,0
NEEDLE-21G,針頭 No: 21G,EA,30,注射器材,-1
NEEDLE-23G,針頭 No: 23G,EA,30,注射器材,0
NEEDLE-25G,針頭 No: 25G,EA,30,注射器材,0
BETADINE,優碘,BTL,10,消毒用品,30
ALCOHOL-SWAB,酒精棉片,EA,200,消毒用品,0
HYDROGEN-PEROXIDE,雙氧水,BTL,10,消毒用品,0
MORPHINE,嗎啡,AMP,15,鎮痛藥品,26
SURGICAL-MASK,外科口罩,EA,200,防護用品,0
